/*				COVID TRACER POPULATE SCRIPT	    */
/*				        DUMMY DATA              	*/


USE COVID_TRACER;

INSERT INTO GovernmentUpdates VALUES
( 5, 103, 578, 10003, '2022-11-12'),
( 3,  69, 581, 10072, '2022-11-13'),
( 7, 505, 588, 10577, '2022-11-14'),
(17, 692, 605, 11269, '2022-11-15'),
( 8, 289, 702, 11558, '2022-11-16'),
(20, 518, 722, 12076, '2022-11-16');

INSERT INTO UNDER_QUARANTINE VALUES
    (1,'2021-09-17',"123456789124",CURDATE());

INSERT INTO INFECT VALUES
    ('2022-11-14',"beeta",'2022-11-13',"111111111111"),
    ('2022-11-14',"beeta",'2022-11-13',"123456789123"),
    ('2022-11-14',"beeta",'2022-11-13',"196817782563"),
    ('2022-11-14',"beeta",'2022-11-13',"200036881296");


INSERT INTO localCommunity VALUES
('195826670912', "Sarath Manendra Bandara", "M", "12/A,Seetharama Rd,Kiribathgoda"),
('111111111111', "zzzzzzzzzzzz","M","sdsfd gfdgfgfh"),
('121212121212', "zzzzzzzzzzzz","M","sdsfd gfdgfgfh"),
('123456789123', "zzzzzzzzzzzz","M","sdsfd gfdgfgfh"),
('123456789124', "zzzzzzzzzzzz","M","sdsfd gfdgfgfh"),
('123456789125', "zzzzzzzzzzzz","M","sdsfd gfdgfgfh"),
('123456789126', "zzzzzzzzzzzz","M","sdsfd gfdgfgfh"),
('131313131313', "zzzzzzzzzzzz","M","sdsfd gfdgfgfh"),
('181818181818', "zzzzzzzzzzzz","M","sdsfd gfdgfgfh"),
('191919191919', "zzzzzzzzzzzz","M","sdsfd gfdgfgfh"),
('196817782563', "zzzzzzzzzzzz","M","sdsfd gfdgfgfh"),
('199826749914', "zzzzzzzzzzzz","M","sdsfd gfdgfgfh"),
('200036881296', "zzzzzzzzzzzz","M","sdsfd gfdgfgfh"),
('222222222222', "zzzzzzzzzzzz","M","sdsfd gfdgfgfh"),
('333333333333', "zzzzzzzzzzzz","M","sdsfd gfdgfgfh"),
('444444444444', "zzzzzzzzzzzz","M","sdsfd gfdgfgfh"),
('555555555555', "zzzzzzzzzzzz","M","sdsfd gfdgfgfh"),
('623456789553', "zzzzzzzzzzzz","M","sdsfd gfdgfgfh"),
('623456789656', "zzzzzzzzzzzz","M","sdsfd gfdgfgfh"),
('666666666666', "zzzzzzzzzzzz","M","sdsfd gfdgfgfh"),
('777777777777', "zzzzzzzzzzzz","M","sdsfd gfdgfgfh"),
('888888888888', "zzzzzzzzzzzz","M","sdsfd gfdgfgfh"),
('999999999999', "zzzzzzzzzzzz","M","sdsfd gfdgfgfh");


INSERT INTO MERCHANT VALUES
    ("mer67891","Thilakawardana Textiles(Pvt) Ltd","Thilakawardana Textiles(Pvt) Ltd,Kiribathgoda"),
    ("mer01235","ODEL","ODEL,Makola Road,Kiribathgoda"),
    ("mer22871","McDonald's Kiribathgoda","McDonald's,A1,Kiribathgoda"),
    ("mer39125","People's Bank","People's Bank,Kandy Road,Kiribathgoda"),
    ("mer94732","Aruna Cinema","Aruna Cinema,Makola Road,Kiribathgoda"),
    ("mer12345","Sampath Bank","Sampath Bank,Piliyandala"),
    ("mer23456","KCC","KCC,Sri Dalada Veediya,Kandy"),
    ("mer34567","ODEL","ODEL,Alexandra Place,Colombo"),
    ("mer45678","Post Office","Post Office,Battaramulla"),
    ("mer56789","University of Kelaniya","University of Kelaniya,Kelaniya"),
    ("mer78912","McDonald's Battaramulla","McDonald's Battaramulla,Main Street,Battaramulla"),
    ("mer89123","Pilimathalawa Tea Factory","Pilimathalawa Tea Factory,Colombo Road,Pilimathalawa"),
    ("mer91234","Sathsara Shopping Center","Sathsara Shopping Center,Piliyandala"),
    ("mer87654","Post Office","Post Office,Peliyagoda");


INSERT INTO TRACE VALUES
    ('20221113', '102409', 'mer67891', '111111111111', '37.0'),
    ('20221113', '102409', 'mer67891', '121212121212', '37.0'),
    ('20221113', '102409', 'mer67891', '123456789123', '37.0'),
    ('20221113', '102409', 'mer67891', '123456789124', '37.0'),
    ('20221113', '102409', 'mer67891', '123456789125', '37.0'),
    ('20221113', '102409', 'mer67891', '123456789126', '37.0'),
    ('20221113', '102409', 'mer67891', '131313131313', '37.0'),
    ('20221113', '102409', 'mer67891', '181818181818', '37.0'),
    ('20221113', '102409', 'mer67891', '191919191919', '37.0'),
    ('20221113', '102409', 'mer67891', '195826670912', '36.3'),
    ('20221113', '102409', 'mer67891', '196817782563', '37.0'),
    ('20221113', '102409', 'mer67891', '199826749914', '37.0'),
    ('20221113', '102409', 'mer67891', '200036881296', '37.0'),
    ('20221113', '102409', 'mer67891', '222222222222', '37.0'),
    ('20221113', '102409', 'mer67891', '333333333333', '37.0'),
    ('20221113', '102409', 'mer67891', '444444444444', '37.0'),
    ('20221113', '102409', 'mer67891', '555555555555', '37.0');


INSERT INTO TRACE VALUES
    ('20221113', '102409', 'mer01235', '111111111111', '37.0'),
    ('20221113', '102409', 'mer01235', '121212121212', '37.0'),
    ('20221113', '102409', 'mer01235', '123456789123', '37.0'),
    ('20221113', '102409', 'mer01235', '123456789124', '37.0'),
    ('20221113', '102409', 'mer01235', '123456789125', '37.0'),
    ('20221113', '102409', 'mer01235', '123456789126', '37.0'),
    ('20221113', '102409', 'mer01235', '131313131313', '37.0'),
    ('20221113', '102409', 'mer01235', '181818181818', '37.0'),
    ('20221113', '102409', 'mer01235', '191919191919', '37.0'),
    ('20221113', '102409', 'mer01235', '195826670912', '36.7'),
    ('20221113', '102409', 'mer01235', '196817782563', '37.0'),
    ('20221113', '102409', 'mer01235', '199826749914', '37.0'),
    ('20221113', '102409', 'mer01235', '200036881296', '37.0'),
    ('20221113', '102409', 'mer01235', '222222222222', '37.0'),
    ('20221113', '102409', 'mer01235', '333333333333', '37.0'),
    ('20221113', '102409', 'mer01235', '444444444444', '37.0'),
    ('20221113', '102409', 'mer01235', '555555555555', '37.0'),
    ('20221113', '102409', 'mer01235', '623456789553', '37.0'),
    ('20221113', '102409', 'mer01235', '623456789656', '37.0');


INSERT INTO TRACE VALUES
    ('20221113', '102409', 'mer22871', '111111111111', '37.0'),
    ('20221113', '102409', 'mer22871', '121212121212', '37.0'),
    ('20221113', '102409', 'mer22871', '123456789123', '37.0'),
    ('20221113', '102409', 'mer22871', '123456789124', '37.0'),
    ('20221113', '102409', 'mer22871', '123456789125', '37.0'),
    ('20221113', '102409', 'mer22871', '123456789126', '37.0'),
    ('20221113', '102409', 'mer22871', '131313131313', '37.0'),
    ('20221113', '102409', 'mer22871', '181818181818', '37.0'),
    ('20221113', '102409', 'mer22871', '191919191919', '37.0'),
    ('20221113', '102409', 'mer22871', '195826670912', '36.5'),
    ('20221113', '102409', 'mer22871', '196817782563', '37.0'),
    ('20221113', '102409', 'mer22871', '199826749914', '37.0'),
    ('20221113', '102409', 'mer22871', '200036881296', '37.0'),
    ('20221113', '102409', 'mer22871', '222222222222', '37.0'),
    ('20221113', '102409', 'mer22871', '333333333333', '37.0'),
    ('20221113', '102409', 'mer22871', '444444444444', '37.0'),
    ('20221113', '102409', 'mer22871', '555555555555', '37.0'),
    ('20221113', '102409', 'mer22871', '623456789553', '37.0'),
    ('20221113', '102409', 'mer22871', '623456789656', '37.0'),
    ('20221113', '102409', 'mer22871', '666666666666', '37.0'),
    ('20221113', '102409', 'mer22871', '777777777777', '37.0');


INSERT INTO TRACE VALUES
    ('20221113', '102409', 'mer39125', '111111111111', '37.0'),
    ('20221113', '102409', 'mer39125', '121212121212', '37.0'),
    ('20221113', '102409', 'mer39125', '123456789123', '37.0'),
    ('20221113', '102409', 'mer39125', '123456789124', '37.0'),
    ('20221113', '102409', 'mer39125', '123456789125', '37.0'),
    ('20221113', '102409', 'mer39125', '123456789126', '37.0'),
    ('20221113', '102409', 'mer39125', '131313131313', '37.0'),
    ('20221113', '102409', 'mer39125', '181818181818', '37.0'),
    ('20221113', '102409', 'mer39125', '191919191919', '37.0'),
    ('20221113', '102409', 'mer39125', '195826670912', '37.0'),
    ('20221113', '102409', 'mer39125', '196817782563', '37.0'),
    ('20221113', '102409', 'mer39125', '199826749914', '37.0'),
    ('20221113', '102409', 'mer39125', '200036881296', '37.0'),
    ('20221113', '102409', 'mer39125', '222222222222', '37.0'),
    ('20221113', '102409', 'mer39125', '333333333333', '37.0'),
    ('20221113', '102409', 'mer39125', '444444444444', '37.0'),
    ('20221113', '102409', 'mer39125', '555555555555', '37.0'),
    ('20221113', '102409', 'mer39125', '623456789553', '37.0'),
    ('20221113', '102409', 'mer39125', '623456789656', '37.0'),
    ('20221113', '102409', 'mer39125', '666666666666', '37.0'),
    ('20221113', '102409', 'mer39125', '777777777777', '37.0'),
    ('20221113', '102409', 'mer39125', '888888888888', '37.0');


INSERT INTO TRACE VALUES
    ('20221113', '102409', 'mer94732', '111111111111', '37.0'),
    ('20221113', '102409', 'mer94732', '121212121212', '37.0'),
    ('20221113', '102409', 'mer94732', '123456789123', '37.0'),
    ('20221113', '102409', 'mer94732', '123456789124', '37.0'),
    ('20221113', '102409', 'mer94732', '123456789125', '37.0'),
    ('20221113', '102409', 'mer94732', '123456789126', '37.0'),
    ('20221113', '102409', 'mer94732', '131313131313', '37.0'),
    ('20221113', '102409', 'mer94732', '181818181818', '37.0'),
    ('20221113', '102409', 'mer94732', '191919191919', '37.0'),
    ('20221113', '102409', 'mer94732', '195826670912', '36.9'),
    ('20221113', '102409', 'mer94732', '196817782563', '37.0'),
    ('20221113', '102409', 'mer94732', '199826749914', '37.0'),
    ('20221113', '102409', 'mer94732', '200036881296', '37.0'),
    ('20221113', '102409', 'mer94732', '222222222222', '37.0'),
    ('20221113', '102409', 'mer94732', '333333333333', '37.0'),
    ('20221113', '102409', 'mer94732', '444444444444', '37.0'),
    ('20221113', '102409', 'mer94732', '555555555555', '37.0'),
    ('20221113', '102409', 'mer94732', '623456789553', '37.0'),
    ('20221113', '102409', 'mer94732', '623456789656', '37.0'),
    ('20221113', '102409', 'mer94732', '666666666666', '37.0'),
    ('20221113', '102409', 'mer94732', '777777777777', '37.0'),
    ('20221113', '102409', 'mer94732', '888888888888', '37.0'),
    ('20221113', '102409', 'mer94732', '999999999999', '37.0');



/*-----------------------------------------------*/

INSERT INTO TRACE VALUES
    ('20221113', '102409', 'mer12345', '111111111111', '37.0'),
    ('20221113', '102409', 'mer12345', '181818181818', '37.0'),
    ('20221113', '102409', 'mer12345', '191919191919', '37.0'),
    ('20221113', '102409', 'mer12345', '195826670912', '37.0'),
    ('20221113', '102409', 'mer12345', '196817782563', '37.0'),
    ('20221113', '102409', 'mer12345', '199826749914', '37.0'),
    ('20221113', '102409', 'mer12345', '200036881296', '37.0'),
    ('20221113', '102409', 'mer12345', '222222222222', '37.0'),
    ('20221113', '102409', 'mer12345', '333333333333', '37.0'),
    ('20221113', '102409', 'mer12345', '444444444444', '37.0'),
    ('20221113', '102409', 'mer12345', '555555555555', '37.0'),
    ('20221113', '102409', 'mer12345', '623456789553', '37.0'),
    ('20221113', '102409', 'mer12345', '623456789656', '37.0'),
    ('20221113', '102409', 'mer12345', '666666666666', '37.0'),
    ('20221113', '102409', 'mer12345', '777777777777', '37.0'),
    ('20221113', '102409', 'mer12345', '888888888888', '37.0'),
    ('20221113', '102409', 'mer12345', '999999999999', '37.0');


INSERT INTO TRACE VALUES
    ('20221113', '102409', 'mer34567', '111111111111', '37.0'),
    ('20221113', '102409', 'mer34567', '181818181818', '37.0'),
    ('20221113', '102409', 'mer34567', '191919191919', '37.0'),
    ('20221113', '102409', 'mer34567', '196817782563', '37.0'),
    ('20221113', '102409', 'mer34567', '199826749914', '37.0'),
    ('20221113', '102409', 'mer34567', '200036881296', '37.0'),
    ('20221113', '102409', 'mer34567', '222222222222', '37.0'),
    ('20221113', '102409', 'mer34567', '333333333333', '37.0'),
    ('20221113', '102409', 'mer34567', '444444444444', '37.0'),
    ('20221113', '102409', 'mer34567', '555555555555', '37.0'),
    ('20221113', '102409', 'mer34567', '666666666666', '37.0'),
    ('20221113', '102409', 'mer34567', '777777777777', '37.0'),
    ('20221113', '102409', 'mer34567', '888888888888', '37.0'),
    ('20221113', '102409', 'mer34567', '999999999999', '37.0');


INSERT INTO TRACE VALUES
    ('20221113', '102409', 'mer45678', '121212121212', '37.0'),
    ('20221113', '102409', 'mer45678', '111111111111', '37.0'),
    ('20221113', '102409', 'mer45678', '181818181818', '37.0'),
    ('20221113', '102409', 'mer45678', '191919191919', '37.0'),
    ('20221113', '102409', 'mer45678', '195826670912', '37.0'),
    ('20221113', '102409', 'mer45678', '196817782563', '37.0'),
    ('20221113', '102409', 'mer45678', '199826749914', '37.0'),
    ('20221113', '102409', 'mer45678', '200036881296', '37.0'),
    ('20221113', '102409', 'mer45678', '222222222222', '37.0'),
    ('20221113', '102409', 'mer45678', '333333333333', '37.0'),
    ('20221113', '102409', 'mer45678', '444444444444', '37.0'),
    ('20221113', '102409', 'mer45678', '555555555555', '37.0'),
    ('20221113', '102409', 'mer45678', '623456789553', '37.0'),
    ('20221113', '102409', 'mer45678', '666666666666', '37.0'),
    ('20221113', '102409', 'mer45678', '777777777777', '37.0'),
    ('20221113', '102409', 'mer45678', '888888888888', '37.0'),
    ('20221113', '102409', 'mer45678', '999999999999', '37.0');


INSERT INTO TRACE VALUES
    ('20221113', '102409', 'mer56789', '123456789123', '37.0'),
    ('20221113', '102409', 'mer56789', '121212121212', '37.0'),
    ('20221113', '102409', 'mer56789', '111111111111', '37.0'),
    ('20221113', '102409', 'mer56789', '181818181818', '37.0'),
    ('20221113', '102409', 'mer56789', '191919191919', '37.0'),
    ('20221113', '102409', 'mer56789', '195826670912', '36.6'),
    ('20221113', '102409', 'mer56789', '196817782563', '37.0'),
    ('20221113', '102409', 'mer56789', '199826749914', '37.0'),
    ('20221113', '102409', 'mer56789', '200036881296', '37.0'),
    ('20221113', '102409', 'mer56789', '222222222222', '37.0'),
    ('20221113', '102409', 'mer56789', '333333333333', '37.0'),
    ('20221113', '102409', 'mer56789', '444444444444', '37.0'),
    ('20221113', '102409', 'mer56789', '555555555555', '37.0'),
    ('20221113', '102409', 'mer56789', '623456789553', '37.0'),
    ('20221113', '102409', 'mer56789', '623456789656', '37.0'),
    ('20221113', '102409', 'mer56789', '666666666666', '37.0'),
    ('20221113', '102409', 'mer56789', '777777777777', '37.0'),
    ('20221113', '102409', 'mer56789', '888888888888', '37.0'),
    ('20221113', '102409', 'mer56789', '999999999999', '37.0');


INSERT INTO TRACE VALUES
    ('20221113', '102409', 'mer78912', '123456789124', '37.0'),
    ('20221113', '102409', 'mer78912', '123456789123', '37.0'),
    ('20221113', '102409', 'mer78912', '121212121212', '37.0'),
    ('20221113', '102409', 'mer78912', '111111111111', '37.0'),
    ('20221113', '102409', 'mer78912', '181818181818', '37.0'),
    ('20221113', '102409', 'mer78912', '191919191919', '37.0'),
    ('20221113', '102409', 'mer78912', '195826670912', '37.0'),
    ('20221113', '102409', 'mer78912', '196817782563', '37.0'),
    ('20221113', '102409', 'mer78912', '199826749914', '37.0'),
    ('20221113', '102409', 'mer78912', '200036881296', '37.0'),
    ('20221113', '102409', 'mer78912', '222222222222', '37.0'),
    ('20221113', '102409', 'mer78912', '333333333333', '37.0'),
    ('20221113', '102409', 'mer78912', '444444444444', '37.0'),
    ('20221113', '102409', 'mer78912', '555555555555', '37.0'),
    ('20221113', '102409', 'mer78912', '623456789553', '37.0'),
    ('20221113', '102409', 'mer78912', '623456789656', '37.0'),
    ('20221113', '102409', 'mer78912', '666666666666', '37.0'),
    ('20221113', '102409', 'mer78912', '777777777777', '37.0'),
    ('20221113', '102409', 'mer78912', '888888888888', '37.0'),
    ('20221113', '102409', 'mer78912', '999999999999', '37.0');


INSERT INTO TRACE VALUES
    ('20221113', '102409', 'mer89123', '123456789124', '37.0'),
    ('20221113', '102409', 'mer89123', '123456789123', '37.0'),
    ('20221113', '102409', 'mer89123', '121212121212', '37.0'),
    ('20221113', '102409', 'mer89123', '111111111111', '37.0'),
    ('20221113', '102409', 'mer89123', '181818181818', '37.0'),
    ('20221113', '102409', 'mer89123', '191919191919', '37.0'),
    ('20221113', '102409', 'mer89123', '195826670912', '37.1'),
    ('20221113', '102409', 'mer89123', '196817782563', '37.0'),
    ('20221113', '102409', 'mer89123', '199826749914', '37.0'),
    ('20221113', '102409', 'mer89123', '200036881296', '37.0'),
    ('20221113', '102409', 'mer89123', '222222222222', '37.0'),
    ('20221113', '102409', 'mer89123', '333333333333', '37.0'),
    ('20221113', '102409', 'mer89123', '444444444444', '37.0'),
    ('20221113', '102409', 'mer89123', '555555555555', '37.0'),
    ('20221113', '102409', 'mer89123', '623456789553', '37.0'),
    ('20221113', '102409', 'mer89123', '623456789656', '37.0'),
    ('20221113', '102409', 'mer89123', '666666666666', '37.0'),
    ('20221113', '102409', 'mer89123', '777777777777', '37.0'),
    ('20221113', '102409', 'mer89123', '888888888888', '37.0'),
    ('20221113', '102409', 'mer89123', '999999999999', '37.0');



INSERT INTO TRACE VALUES
    ('20221113', '102409', 'mer91234', '123456789125', '37.0'),
    ('20221113', '102409', 'mer91234', '123456789124', '37.0'),
    ('20221113', '102409', 'mer91234', '123456789123', '37.0'),
    ('20221113', '102409', 'mer91234', '121212121212', '37.0'),
    ('20221113', '102409', 'mer91234', '111111111111', '37.0'),
    ('20221113', '102409', 'mer91234', '181818181818', '37.0'),
    ('20221113', '102409', 'mer91234', '191919191919', '37.0'),
    ('20221113', '102409', 'mer91234', '195826670912', '36.8'),
    ('20221113', '102409', 'mer91234', '196817782563', '37.0'),
    ('20221113', '102409', 'mer91234', '199826749914', '37.0'),
    ('20221113', '102409', 'mer91234', '200036881296', '37.0'),
    ('20221113', '102409', 'mer91234', '222222222222', '37.0'),
    ('20221113', '102409', 'mer91234', '333333333333', '37.0'),
    ('20221113', '102409', 'mer91234', '444444444444', '37.0'),
    ('20221113', '102409', 'mer91234', '555555555555', '37.0'),
    ('20221113', '102409', 'mer91234', '623456789553', '37.0'),
    ('20221113', '102409', 'mer91234', '623456789656', '37.0'),
    ('20221113', '102409', 'mer91234', '666666666666', '37.0'),
    ('20221113', '102409', 'mer91234', '777777777777', '37.0'),
    ('20221113', '102409', 'mer91234', '888888888888', '37.0'),
    ('20221113', '102409', 'mer91234', '999999999999', '37.0');


INSERT INTO TRACE VALUES
    ('20221113', '102409', 'mer87654', '123456789126', '37.0'),
    ('20221113', '102409', 'mer87654', '123456789125', '37.0'),
    ('20221113', '102409', 'mer87654', '123456789124', '37.0'),
    ('20221113', '102409', 'mer87654', '123456789123', '37.0'),
    ('20221113', '102409', 'mer87654', '121212121212', '37.0'),
    ('20221113', '102409', 'mer87654', '111111111111', '37.0'),
    ('20221113', '102409', 'mer87654', '181818181818', '37.0'),
    ('20221113', '102409', 'mer87654', '191919191919', '37.0'),
    ('20221113', '102409', 'mer87654', '195826670912', '37.1'),
    ('20221113', '102409', 'mer87654', '196817782563', '37.0'),
    ('20221113', '102409', 'mer87654', '199826749914', '37.0'),
    ('20221113', '102409', 'mer87654', '200036881296', '37.0'),
    ('20221113', '102409', 'mer87654', '222222222222', '37.0'),
    ('20221113', '102409', 'mer87654', '333333333333', '37.0'),
    ('20221113', '102409', 'mer87654', '444444444444', '37.0'),
    ('20221113', '102409', 'mer87654', '555555555555', '37.0'),
    ('20221113', '102409', 'mer87654', '623456789553', '37.0'),
    ('20221113', '102409', 'mer87654', '623456789656', '37.0'),
    ('20221113', '102409', 'mer87654', '666666666666', '37.0'),
    ('20221113', '102409', 'mer87654', '777777777777', '37.0'),
    ('20221113', '102409', 'mer87654', '888888888888', '37.0'),
    ('20221113', '102409', 'mer87654', '999999999999', '37.0');


INSERT INTO TRACE VALUES
    ('20221113', '102409', 'mer23456', '195826670912', '36.4'),
    ('20221113', '102409', 'mer23456', '196817782563', '37.0'),
    ('20221113', '102409', 'mer23456', '199826749914', '37.0'),
    ('20221113', '102409', 'mer23456', '200036881296', '37.0'),
    ('20221113', '102409', 'mer23456', '222222222222', '37.0'),
    ('20221113', '102409', 'mer23456', '333333333333', '37.0'),
    ('20221113', '102409', 'mer23456', '444444444444', '37.0'),
    ('20221113', '102409', 'mer23456', '555555555555', '37.0'),
    ('20221113', '102409', 'mer23456', '623456789553', '37.0'),
    ('20221113', '102409', 'mer23456', '623456789656', '37.0'),
    ('20221113', '102409', 'mer23456', '666666666666', '37.0'),
    ('20221113', '102409', 'mer23456', '777777777777', '37.0'),
    ('20221113', '102409', 'mer23456', '888888888888', '37.0'),
    ('20221113', '102409', 'mer23456', '999999999999', '37.0');


/*-----------------------------------------------*/

/* --- */
INSERT INTO TRACE VALUES
    ('20221114', '102409', 'mer34567', '195826670912', '36.9'),
    ('20221114', '102409', 'mer34567', '555555555555', '37.0'),
    ('20221114', '102409', 'mer34567', '666666666666', '37.0'),
    ('20221114', '102409', 'mer34567', '777777777777', '37.0'),
    ('20221114', '102409', 'mer34567', '888888888888', '37.0'),
    ('20221114', '102409', 'mer34567', '999999999999', '37.0');

INSERT INTO INFECT VALUES
    ('20221114',"beeta",'2022-11-12',"555555555555"),
    ('20221114',"beeta",'2022-11-12',"999999999999");

/* --- */
